model,accuracy,precision,recall,f1,auc
Fusion_Model,0.952054794520548,0.9915966386554622,0.9516129032258065,0.9711934156378601,0.9908357771260997
